Time;Open;High;Low;Close
2023-01-02;1826.216;1830.46;1823.998;1829.131
2023-01-03;1829.11;1849.902;1826.776;1836.522
2023-01-04;1836.501;1865.057;1836.185;1854.827
2023-01-05;1854.794;1858.971;1824.852;1832.799
2023-01-06;1832.8;1869.752;1831.265;1865.914
2023-01-08;1866.736;1869.836;1866.716;1869.602
2023-01-09;1869.595;1881.356;1867.099;1870.457
2023-01-10;1870.477;1880.719;1867.789;1877.167
2023-01-11;1877.196;1886.544;1866.898;1876.939
2023-01-12;1876.935;1901.397;1873.737;1898.023
2023-01-13;1897.993;1921.854;1892.282;1920.251
2023-01-15;1919.066;1920.388;1916.874;1916.893
2023-01-16;1916.904;1928.92;1910.817;1917.856
2023-01-17;1917.882;1918.996;1903.634;1908.691
2023-01-18;1908.674;1925.837;1896.581;1906.818
2023-01-19;1906.848;1935.129;1900.95;1931.68
2023-01-20;1931.683;1937.383;1920.612;1925.883
2023-01-22;1924.243;1927.289;1924.189;1927.258
2023-01-23;1927.232;1935.466;1911.296;1931.263
2023-01-24;1931.313;1942.387;1916.992;1936.963
2023-01-25;1936.953;1948.739;1919.877;1948.321
2023-01-26;1948.346;1949.116;1918.475;1930.718
2023-01-27;1930.679;1934.932;1916.655;1928.265
2023-01-29;1926.746;1928.912;1926.424;1928.854
2023-01-30;1928.859;1934.425;1920.634;1922.089
2023-01-31;1922.121;1931.088;1900.736;1927.336
2023-02-01;1927.329;1956.112;1920.494;1953.043
2023-02-02;1953.008;1959.639;1911.211;1915.002
2023-02-03;1914.998;1918.515;1861.424;1865.805
2023-02-05;1864.169;1869.894;1863.718;1865.462
2023-02-06;1865.429;1881.296;1862.982;1868.476
2023-02-07;1868.507;1884.428;1864.972;1872.894
2023-02-08;1872.893;1886.342;1868.977;1874.989
2023-02-09;1874.983;1890.17;1858.842;1862.322
2023-02-10;1862.353;1872.159;1852.744;1865.314
2023-02-12;1863.97;1865.29;1862.633;1862.705
2023-02-13;1862.739;1866.533;1850.417;1854.376
2023-02-14;1854.38;1870.093;1843.14;1854.865
2023-02-15;1854.862;1860.066;1830.262;1836.361
2023-02-16;1836.353;1845.266;1827.404;1834.272
2023-02-17;1834.288;1843.547;1818.861;1842.499
2023-02-19;1841.163;1841.687;1838.386;1838.659
2023-02-20;1838.666;1847.39;1837.282;1841.674
2023-02-21;1841.705;1843.801;1830.204;1835.548
2023-02-22;1835.552;1845.822;1823.473;1825.075
2023-02-23;1825.086;1833.723;1817.188;1823.166
2023-02-24;1823.197;1827.755;1808.9;1810.778
2023-02-26;1811.892;1813.078;1811.23;1811.74
2023-02-27;1811.728;1820.087;1806.176;1817.138
2023-02-28;1817.172;1831.104;1804.362;1825.551
2023-03-01;1825.552;1844.374;1823.042;1836.554
2023-03-02;1836.53;1838.932;1829.947;1837.818
2023-03-03;1837.787;1856.278;1837.756;1855.265
2023-03-05;1853.694;1854.076;1852.152;1852.294
2023-03-06;1852.302;1858.123;1845.066;1846.323
2023-03-07;1846.303;1851.468;1812.67;1813.936
2023-03-08;1813.935;1824.235;1809.372;1815.196
2023-03-09;1815.209;1835.398;1811.922;1831.569
2023-03-10;1831.565;1870.031;1827.702;1867.109
2023-03-12;1883.412;1894.368;1875.749;1877.746
2023-03-13;1877.716;1914.577;1871.496;1912.025
2023-03-14;1912.055;1914.113;1895.228;1903.064
2023-03-15;1903.055;1937.287;1885.551;1921.155
2023-03-16;1921.145;1933.437;1907.298;1921.294
2023-03-17;1921.306;1988.311;1918.196;1988.129
2023-03-19;1985.925;1988.132;1975.037;1976.936
2023-03-20;1976.968;2009.668;1965.507;1976.585
2023-03-21;1976.581;1985.121;1935.343;1943.106
2023-03-22;1943.074;1978.802;1934.107;1969.706
2023-03-23;1969.755;2003.277;1966.317;1991.324
2023-03-24;1991.292;2002.989;1975.165;1978.777
2023-03-26;1976.4;1976.735;1969.353;1975.691
2023-03-27;1975.658;1978.691;1943.944;1958.071
2023-03-28;1958.04;1975.255;1949.141;1971.898
2023-03-29;1971.93;1972.854;1958.665;1963.201
2023-03-30;1963.222;1984.251;1955.345;1978.386
2023-03-31;1978.412;1987.544;1966.806;1969.376
2023-04-02;1966.275;1967.407;1956.964;1957.027
2023-04-03;1957.063;1990.476;1949.542;1984.935
2023-04-04;1984.929;2024.982;1976.821;2021.748
2023-04-05;2021.716;2032.046;2009.719;2020.287
2023-04-06;2020.269;2020.907;2000.61;2007.761
2023-04-09;1997.006;2006.495;1995.817;2005.497
2023-04-10;2005.529;2005.86;1981.436;1992.389
2023-04-11;1992.356;2007.41;1988.773;2004.675
2023-04-12;2004.684;2028.014;2000.847;2018.149
2023-04-13;2018.118;2048.597;2015.276;2039.713
2023-04-14;2039.712;2047.392;1992.364;2004.252
2023-04-16;2001.207;2005.006;1999.651;2002.848
2023-04-17;2002.866;2014.998;1980.899;1993.906
2023-04-18;1993.915;2011.823;1991.048;2005.718
2023-04-19;2005.719;2008.077;1969.176;1993.616
2023-04-20;1993.651;2012.347;1990.476;2005.313
2023-04-21;2005.287;2005.508;1971.584;1982.886
2023-04-23;1982.082;1985.343;1981.789;1984.62
2023-04-24;1984.618;1996.42;1974.028;1995.016
2023-04-25;1995.015;2003.83;1976.067;2000.172
2023-04-26;2000.178;2009.322;1983.348;1991.647
2023-04-27;1991.617;2003.246;1974.016;1986.914
2023-04-28;1986.879;1994.994;1976.103;1989.376
2023-04-30;1989.602;1991.877;1986.62;1986.895
2023-05-01;1986.927;2005.933;1977.054;1981.373
2023-05-02;1981.385;2019.31;1978.455;2015.905
2023-05-03;2015.916;2075.979;2007.655;2051.957
2023-05-04;2051.959;2059.537;2030.327;2049.922
2023-05-05;2049.924;2052.957;1999.451;2016.65
2023-05-07;2016.428;2017.281;2014.174;2016.006
2023-05-08;2015.976;2029.32;2015.15;2021.237
2023-05-09;2021.266;2037.561;2019.483;2036.27
2023-05-10;2036.31;2047.995;2021.306;2031.436
2023-05-11;2031.411;2040.788;2011.104;2016.346
2023-05-12;2016.367;2022.461;2000.895;2010.912
2023-05-14;2008.664;2011.957;2008.664;2009.558
2023-05-15;2009.551;2022.083;2008.637;2014.4
2023-05-16;2014.411;2018.279;1985.414;1989.63
2023-05-17;1989.633;1992.977;1974.734;1982.717
2023-05-18;1982.731;1985.973;1951.937;1958.356
2023-05-19;1958.364;1984.186;1954.003;1977.703
2023-05-21;1978.005;1981.48;1978.005;1980.829
2023-05-22;1980.827;1982.53;1968.69;1969.784
2023-05-23;1969.814;1977.739;1954.232;1975.021
2023-05-24;1975.043;1985.015;1956.683;1959.752
2023-05-25;1959.748;1964.711;1938.813;1940.515
2023-05-26;1940.492;1957.219;1936.576;1946.834
2023-05-28;1943.265;1946.248;1943.227;1943.654
2023-05-29;1943.687;1949.718;1940.27;1941.683
2023-05-30;1941.498;1963.479;1932.042;1958.535
2023-05-31;1958.544;1974.526;1953.625;1966.244
2023-06-01;1966.275;1983.049;1953.338;1977.03
2023-06-02;1977.033;1983.332;1947.58;1948.029
2023-06-04;1947.366;1950.096;1947.297;1949.33
2023-06-05;1949.344;1964.003;1938.048;1961.224
2023-06-06;1961.231;1966.376;1954.295;1963.345
2023-06-07;1963.315;1970.123;1939.839;1944.436
2023-06-08;1944.433;1970.507;1942.764;1965.313
2023-06-09;1965.282;1972.661;1956.53;1960.64
2023-06-11;1959.592;1960.497;1958.013;1959.933
2023-06-12;1959.941;1966.889;1949.168;1959.94
2023-06-13;1959.953;1970.091;1939.975;1943.884
2023-06-14;1943.891;1960.058;1939.673;1945.188
2023-06-15;1945.146;1960.194;1924.838;1958.223
2023-06-16;1958.202;1967.848;1953.188;1957.441
2023-06-18;1958.5;1958.561;1956.235;1957.046
2023-06-19;1957.075;1958.711;1947.734;1952.197
2023-06-20;1952.416;1956.727;1929.734;1937.225
2023-06-21;1937.257;1939.444;1918.898;1933.838
2023-06-22;1933.87;1934.198;1912.355;1914.439
2023-06-23;1914.47;1937.231;1910.091;1921.192
2023-06-25;1922.951;1925.402;1922.682;1925.294
2023-06-26;1925.293;1933.28;1920.902;1922.485
2023-06-27;1922.501;1930.639;1910.8;1915.389
2023-06-28;1915.42;1917.174;1902.5;1909.681
2023-06-29;1909.712;1912.847;1892.839;1908.661
2023-06-30;1908.692;1922.693;1900.419;1919.333
2023-07-02;1918.552;1919.584;1917.464;1918.169
2023-07-03;1918.164;1930.631;1910.003;1921.181
2023-07-04;1921.18;1930.645;1920.024;1926.176
2023-07-05;1926.247;1934.767;1914.765;1916.772
2023-07-06;1916.784;1927.548;1902.568;1911.516
2023-07-07;1911.543;1934.845;1909.625;1925.339
2023-07-09;1925.288;1928.14;1923.842;1924.848
2023-07-10;1924.858;1926.88;1912.299;1924.821
2023-07-11;1924.822;1938.404;1924.406;1933.24
2023-07-12;1933.244;1959.618;1933.171;1957.713
2023-07-13;1957.714;1963.302;1952.294;1960.134
2023-07-14;1960.124;1963.671;1950.661;1955.224
2023-07-16;1954.42;1954.517;1951.354;1953.281
2023-07-17;1953.25;1959.801;1945.553;1955.398
2023-07-18;1955.396;1984.251;1954.677;1977.481
2023-07-19;1977.464;1980.859;1969.692;1977.683
2023-07-20;1977.661;1987.421;1965.32;1972.197
2023-07-21;1972.227;1973.735;1956.605;1961.851
2023-07-23;1962.228;1962.882;1960.351;1961.177
2023-07-24;1961.172;1967.805;1953.174;1954.393
2023-07-25;1954.394;1966.242;1951.787;1965.284
2023-07-26;1965.283;1978.243;1962.002;1972.009
2023-07-27;1972.012;1982.133;1942.018;1947.443
2023-07-28;1947.411;1963.46;1946.054;1959.184
2023-07-30;1959.875;1960.47;1957.373;1958.07
2023-07-31;1958.054;1972.326;1950.718;1963.907
2023-08-01;1963.876;1964.628;1941.209;1952.146
2023-08-02;1952.14;1954.752;1932.864;1936.0
2023-08-03;1936.025;1938.822;1929.496;1935.774
2023-08-04;1935.747;1946.752;1925.221;1942.483
2023-08-06;1942.559;1946.648;1942.415;1943.79
2023-08-07;1943.785;1945.267;1931.462;1936.732
2023-08-08;1936.763;1937.305;1922.508;1925.569
2023-08-09;1925.574;1932.204;1913.983;1916.688
2023-08-10;1916.721;1929.836;1910.698;1912.358
2023-08-11;1912.36;1920.882;1911.858;1913.786
2023-08-13;1913.666;1915.181;1912.395;1913.62
2023-08-14;1913.618;1916.156;1902.465;1907.557
2023-08-15;1907.567;1911.563;1896.208;1901.419
2023-08-16;1901.412;1907.146;1891.67;1893.295
2023-08-17;1893.298;1903.413;1884.996;1891.227
2023-08-18;1891.231;1896.549;1886.724;1889.529
2023-08-20;1889.357;1890.823;1888.8;1889.919
2023-08-21;1889.934;1898.5;1884.547;1894.664
2023-08-22;1894.674;1904.41;1888.824;1898.478
2023-08-23;1898.476;1920.292;1898.432;1917.849
2023-08-24;1917.82;1923.056;1911.554;1915.847
2023-08-25;1915.845;1922.118;1903.45;1914.321
2023-08-27;1915.974;1916.068;1914.322;1915.028
2023-08-28;1915.029;1925.991;1912.694;1921.186
2023-08-29;1921.199;1938.12;1914.357;1936.168
2023-08-30;1936.176;1949.006;1934.94;1944.185
2023-08-31;1944.195;1947.66;1939.033;1939.824
2023-09-01;1939.828;1952.331;1934.334;1939.704
2023-09-03;1939.987;1941.0;1939.406;1940.558
2023-09-04;1940.537;1946.232;1936.688;1937.659
2023-09-05;1937.551;1938.927;1925.272;1926.559
2023-09-06;1926.569;1929.079;1915.243;1917.091
2023-09-07;1917.086;1923.414;1916.163;1920.247
2023-09-08;1920.255;1929.639;1917.153;1918.973
2023-09-10;1919.621;1919.653;1916.576;1918.801
2023-09-11;1918.795;1930.47;1918.316;1921.627
2023-09-12;1921.59;1924.447;1907.352;1912.858
2023-09-13;1912.857;1915.545;1905.28;1909.176
2023-09-14;1909.169;1912.856;1900.968;1909.735
2023-09-15;1909.766;1930.372;1909.766;1923.831
2023-09-17;1924.077;1924.53;1922.547;1923.227
2023-09-18;1923.261;1934.453;1922.723;1934.04
2023-09-19;1934.061;1937.345;1929.723;1931.319
2023-09-20;1931.317;1947.361;1927.837;1929.424
2023-09-21;1929.428;1930.451;1913.791;1921.353
2023-09-22;1921.361;1929.046;1921.19;1925.231
2023-09-24;1926.118;1926.294;1924.402;1924.729
2023-09-25;1924.73;1927.147;1915.004;1916.207
2023-09-26;1916.209;1916.447;1899.103;1901.529
2023-09-27;1901.524;1903.712;1872.507;1877.562
2023-09-28;1877.583;1879.49;1857.494;1866.7
2023-09-29;1866.695;1879.601;1846.282;1848.796
2023-10-01;1847.284;1848.678;1845.687;1848.314
2023-10-02;1848.313;1848.885;1820.404;1824.944
2023-10-03;1824.919;1833.344;1815.218;1823.303
2023-10-04;1823.266;1830.542;1816.556;1822.524
2023-10-05;1822.472;1829.173;1812.994;1821.272
2023-10-06;1821.266;1834.832;1810.402;1831.9
2023-10-08;1853.39;1854.643;1845.525;1847.965
2023-10-09;1847.992;1863.416;1844.161;1862.536
2023-10-10;1862.582;1865.278;1852.97;1859.647
2023-10-11;1859.633;1877.152;1858.59;1875.25
2023-10-12;1875.251;1884.918;1867.883;1870.555
2023-10-13;1870.546;1932.593;1870.055;1932.217
2023-10-15;1927.521;1927.521;1921.177;1925.836
2023-10-16;1925.842;1925.927;1908.144;1919.386
2023-10-17;1919.382;1931.523;1912.343;1924.723
2023-10-18;1924.718;1962.561;1923.74;1950.877
2023-10-19;1950.818;1982.431;1945.176;1977.173
2023-10-20;1977.207;1997.15;1971.959;1980.786
2023-10-22;1972.732;1978.541;1970.039;1971.553
2023-10-23;1971.515;1982.765;1964.273;1973.522
2023-10-24;1973.52;1980.811;1953.427;1972.842
2023-10-25;1972.849;1987.205;1962.984;1982.922
2023-10-26;1982.94;1993.398;1971.76;1984.345
2023-10-27;1984.343;2009.31;1976.825;2006.083
2023-10-29;2002.989;2004.741;1996.873;2002.621
2023-10-30;2002.649;2006.767;1990.953;1995.513
2023-10-31;1995.531;2007.849;1978.806;1983.668
2023-11-01;1983.67;1992.603;1969.83;1985.01
2023-11-02;1984.989;1990.926;1978.79;1984.965
2023-11-03;1984.956;2004.003;1983.221;1992.517
2023-11-05;1991.419;1991.579;1987.146;1988.47
2023-11-06;1988.474;1993.042;1975.737;1976.681
2023-11-07;1976.653;1977.001;1956.655;1968.903
2023-11-08;1968.908;1970.996;1947.335;1950.813
2023-11-09;1950.815;1965.718;1944.505;1959.058
2023-11-10;1959.06;1960.713;1932.898;1938.354
2023-11-12;1941.002;1941.299;1921.37;1940.343
2023-11-13;1940.374;1949.187;1931.604;1946.399
2023-11-14;1946.418;1970.954;1937.56;1962.493
2023-11-15;1962.487;1975.292;1955.428;1960.328
2023-11-16;1960.333;1987.94;1956.42;1982.671
2023-11-17;1982.649;1993.421;1978.514;1980.631
2023-11-19;1977.456;1978.727;1974.12;1974.471
2023-11-20;1974.58;1985.12;1965.416;1981.169
2023-11-21;1981.155;2007.497;1980.712;1999.339
2023-11-22;1999.338;2006.399;1986.85;1990.506
2023-11-23;1990.515;1998.553;1989.762;1993.981
2023-11-24;1994.072;2003.606;1991.482;2002.207
2023-11-26;2000.891;2002.982;2000.483;2002.25
2023-11-27;2002.364;2018.187;2001.814;2015.215
2023-11-28;2015.217;2044.573;2011.361;2044.404
2023-11-29;2044.426;2052.028;2035.228;2044.642
2023-11-30;2044.64;2047.265;2031.272;2039.918
2023-12-01;2040.075;2075.277;2033.848;2071.613
2023-12-03;2074.341;2144.501;2071.646;2117.509
2023-12-04;2117.934;2120.648;2019.986;2034.088
2023-12-05;2033.93;2041.172;2009.744;2018.903
2023-12-06;2018.904;2035.915;2018.684;2027.006
2023-12-07;2026.977;2039.894;2020.091;2027.916
2023-12-08;2028.063;2034.014;1994.546;2004.338
2023-12-10;2005.584;2007.648;2004.562;2007.054
2023-12-11;2006.993;2007.807;1975.839;1982.961
2023-12-12;1982.952;1996.709;1977.124;1982.453
2023-12-13;1982.452;2033.129;1973.033;2032.814
2023-12-14;2032.855;2047.909;2027.375;2035.553
2023-12-15;2035.521;2044.909;2015.542;2019.491
2023-12-17;2019.802;2020.102;2015.893;2017.415
2023-12-18;2017.414;2033.688;2016.067;2027.604
2023-12-19;2027.568;2046.969;2021.696;2040.93
2023-12-20;2040.862;2043.452;2027.383;2032.127
2023-12-21;2032.103;2055.01;2031.904;2052.779
2023-12-22;2052.787;2070.613;2046.755;2053.095
2023-12-25;2057.746;2057.746;2052.92;2054.497
2023-12-26;2054.841;2069.059;2053.315;2065.502
2023-12-27;2066.168;2084.424;2061.469;2079.169
2023-12-28;2079.503;2088.447;2064.456;2066.564
2023-12-29;2066.742;2074.727;2058.123;2062.838
